Model,wa_acc,ua_acc,f1,EPOCH,Loss
0,0.7271341463414634,0.7114587541777917,0.7143523809558401,9.0,0.737461160822976
