Model,wa_acc,ua_acc,f1,EPOCH,Loss
0,0.5251524390243902,0.5135998562644545,0.46188357965086085,8.0,1.1776348594121817
