Model,wa_acc,ua_acc,f1,EPOCH,Loss
0,0.551829268292683,0.5358948438678952,0.5066758620528362,16.0,1.1588794605397597
