Model,wa_acc,ua_acc,f1,EPOCH,Loss
0,0.6998762376237624,0.6921470119672781,0.6944460161530547,9.0,0.7923985199984347
