Model,wa_acc,ua_acc,f1,EPOCH,Loss
0,0.541920731707317,0.5141471863470655,0.4780332798291869,15.0,1.229989363289461
