Model,wa_acc,ua_acc,f1,EPOCH,Loss
0,0.6875,0.6528631539083269,0.6213957449823637,10.0,0.7641375381194178
