Model,wa_acc,ua_acc,f1,EPOCH,Loss
0,0.5402227722772277,0.516978429024683,0.4891143679875181,9.0,1.1645071710837949
