Model,wa_acc,ua_acc,f1,EPOCH,Loss
0,0.3372524752475248,0.25,0.12609902822767238,2.0,1.3950604873128456
