Model,wa_acc,ua_acc,f1,EPOCH,Loss
0,0.7179878048780488,0.7049098465249187,0.7053598670829728,12.0,0.7650258459786816
