Model,wa_acc,ua_acc,f1,EPOCH,Loss
0,0.6036585365853658,0.6237850552615676,0.5862690070880592,11.0,0.9284704656499189
