Model,wa_acc,ua_acc,f1,EPOCH,Loss
0,0.4176829268292683,0.43979207562157735,0.3706500456931918,7.0,1.359990928594659
