Model,wa_acc,ua_acc,f1,EPOCH,Loss
0,0.5563118811881188,0.5514128093167443,0.5355391623897244,0.0,1.1991275156857353
