Model,wa_acc,ua_acc,f1,EPOCH,Loss
0,0.7079207920792079,0.6895683396859096,0.6963897690802616,14.0,0.835958327701555
