Model,wa_acc,ua_acc,f1,EPOCH,Loss
0,0.5533536585365854,0.5408721229039106,0.5223257891343408,13.0,1.1640628081087658
